{"cameraMode":{"drawMode":0,"name":"Shaded","section":"Shading Mode"},"sceneLighting":false,"audioPlay":false,"sceneViewState":{"m_AlwaysRefresh":false,"showFog":true,"showSkybox":false,"showFlares":true,"showImageEffects":true,"showParticleSystems":true,"showVisualEffectGraphs":true,"m_FxEnabled":true},"in2DMode":false,"pivot":{"x":-0.18047571182250977,"y":5.106470584869385,"z":8.533088684082032},"rotation":{"x":0.0008984393789432943,"y":0.6541842222213745,"z":0.0007812568219378591,"w":-0.756344735622406},"size":8.212798118591309,"orthographic":false}