{"cameraMode":{"drawMode":0,"name":"Shaded","section":"Shading Mode"},"sceneLighting":false,"audioPlay":false,"sceneViewState":{"m_AlwaysRefresh":false,"showFog":true,"showSkybox":false,"showFlares":true,"showImageEffects":true,"showParticleSystems":true,"showVisualEffectGraphs":true,"m_FxEnabled":true},"in2DMode":false,"pivot":{"x":-4.147462844848633,"y":5.870970249176025,"z":-5.352232933044434},"rotation":{"x":0.007838287390768528,"y":0.4314352869987488,"z":0.0037533645518124105,"w":-0.9021127223968506},"size":6.358287334442139,"orthographic":false}