{"cameraMode":{"drawMode":0,"name":"Shaded","section":"Shading Mode"},"sceneLighting":false,"audioPlay":false,"sceneViewState":{"m_AlwaysRefresh":false,"showFog":true,"showSkybox":false,"showFlares":true,"showImageEffects":true,"showParticleSystems":true,"showVisualEffectGraphs":true,"m_FxEnabled":true},"in2DMode":false,"pivot":{"x":3.4405956268310549,"y":12.305654525756836,"z":3.786287784576416},"rotation":{"x":0.038420598953962329,"y":0.11575055122375488,"z":0.004483362194150686,"w":-0.9925331473350525},"size":3.8843348026275636,"orthographic":false}