{"cameraMode":{"drawMode":0,"name":"Shaded","section":"Shading Mode"},"sceneLighting":false,"audioPlay":false,"sceneViewState":{"m_AlwaysRefresh":false,"showFog":true,"showSkybox":false,"showFlares":true,"showImageEffects":true,"showParticleSystems":true,"showVisualEffectGraphs":true,"m_FxEnabled":true},"in2DMode":false,"pivot":{"x":0.006703421473503113,"y":0.025599494576454164,"z":0.030742228031158448},"rotation":{"x":-0.07756944000720978,"y":0.3460235297679901,"z":-0.028718188405036928,"w":-0.9345743656158447},"size":0.41447535157203677,"orthographic":false}