{"cameraMode":{"drawMode":0,"name":"Shaded","section":"Shading Mode"},"sceneLighting":false,"audioPlay":false,"sceneViewState":{"m_AlwaysRefresh":false,"showFog":true,"showSkybox":false,"showFlares":true,"showImageEffects":true,"showParticleSystems":true,"showVisualEffectGraphs":true,"m_FxEnabled":true},"in2DMode":false,"pivot":{"x":52.92882537841797,"y":14.637511253356934,"z":6.922796726226807},"rotation":{"x":0.007838287390768528,"y":0.4314352869987488,"z":0.0037533645518124105,"w":-0.9021127223968506},"size":7.641511917114258,"orthographic":false}