{"cameraMode":{"drawMode":0,"name":"Shaded","section":"Shading Mode"},"sceneLighting":false,"audioPlay":false,"sceneViewState":{"m_AlwaysRefresh":false,"showFog":true,"showSkybox":false,"showFlares":true,"showImageEffects":true,"showParticleSystems":true,"showVisualEffectGraphs":true,"m_FxEnabled":true},"in2DMode":false,"pivot":{"x":0.7137656211853027,"y":3.4958460330963136,"z":-0.947873592376709},"rotation":{"x":-0.08021612465381623,"y":-0.39059990644454958,"z":0.034191690385341647,"w":-0.9164296984672546},"size":6.212709903717041,"orthographic":false}