{"cameraMode":{"drawMode":0,"name":"Shaded","section":"Shading Mode"},"sceneLighting":false,"audioPlay":false,"sceneViewState":{"m_AlwaysRefresh":false,"showFog":true,"showSkybox":false,"showFlares":true,"showImageEffects":true,"showParticleSystems":true,"showVisualEffectGraphs":true,"m_FxEnabled":true},"in2DMode":false,"pivot":{"x":19.79119300842285,"y":4.014133453369141,"z":25.490732192993165},"rotation":{"x":-0.14528346061706544,"y":-0.2745172083377838,"z":0.041994769126176837,"w":-0.9496414065361023},"size":0.4987897276878357,"orthographic":false}