{"cameraMode":{"drawMode":0,"name":"Shaded","section":"Shading Mode"},"sceneLighting":true,"audioPlay":false,"sceneViewState":{"m_AlwaysRefresh":false,"showFog":true,"showSkybox":true,"showFlares":true,"showImageEffects":true,"showParticleSystems":true,"showVisualEffectGraphs":true,"m_FxEnabled":true},"in2DMode":false,"pivot":{"x":250.4217071533203,"y":0.4761609435081482,"z":249.24899291992188},"rotation":{"x":-0.22191624343395234,"y":0.49470558762550356,"z":-0.1322862207889557,"w":-0.8298043012619019},"size":0.7478218078613281,"orthographic":false}