{"cameraMode":{"drawMode":0,"name":"Shaded","section":"Shading Mode"},"sceneLighting":true,"audioPlay":false,"sceneViewState":{"m_AlwaysRefresh":false,"showFog":true,"showSkybox":true,"showFlares":true,"showImageEffects":true,"showParticleSystems":true,"showVisualEffectGraphs":true,"m_FxEnabled":true},"in2DMode":false,"pivot":{"x":249.97662353515626,"y":0.9043636322021484,"z":250.26199340820313},"rotation":{"x":-0.026728807017207147,"y":-0.7066134810447693,"z":0.0267301294952631,"w":-0.70660799741745},"size":0.15365739166736604,"orthographic":false}