{"cameraMode":{"drawMode":0,"name":"Shaded","section":"Shading Mode"},"sceneLighting":false,"audioPlay":false,"sceneViewState":{"m_AlwaysRefresh":false,"showFog":true,"showSkybox":false,"showFlares":true,"showImageEffects":true,"showParticleSystems":true,"showVisualEffectGraphs":true,"m_FxEnabled":true},"in2DMode":false,"pivot":{"x":-2.342164993286133,"y":4.373936176300049,"z":96.06484985351563},"rotation":{"x":0.007838287390768528,"y":0.4314352869987488,"z":0.0037533645518124105,"w":-0.9021127223968506},"size":5.7170867919921879,"orthographic":false}