{"cameraMode":{"drawMode":0,"name":"Shaded","section":"Shading Mode"},"sceneLighting":false,"audioPlay":false,"sceneViewState":{"m_AlwaysRefresh":false,"showFog":true,"showSkybox":false,"showFlares":true,"showImageEffects":true,"showParticleSystems":true,"showVisualEffectGraphs":true,"m_FxEnabled":true},"in2DMode":false,"pivot":{"x":-3.070736885070801,"y":1.9851887226104737,"z":-2.0554616451263429},"rotation":{"x":0.06795047223567963,"y":-0.5997434854507446,"z":-0.051213089376688007,"w":-0.7956679463386536},"size":0.49688422679901125,"orthographic":false}