{"cameraMode":{"drawMode":0,"name":"Shaded","section":"Shading Mode"},"sceneLighting":false,"audioPlay":false,"sceneViewState":{"m_AlwaysRefresh":false,"showFog":true,"showSkybox":false,"showFlares":true,"showImageEffects":true,"showParticleSystems":true,"showVisualEffectGraphs":true,"m_FxEnabled":true},"in2DMode":false,"pivot":{"x":0.016474127769470216,"y":4.445039749145508,"z":0.1016397476196289},"rotation":{"x":-0.133203387260437,"y":0.05556945502758026,"z":-0.007470657117664814,"w":-0.9895190596580505},"size":12.14583683013916,"orthographic":false}