{"cameraMode":{"drawMode":0,"name":"Shaded","section":"Shading Mode"},"sceneLighting":false,"audioPlay":false,"sceneViewState":{"m_AlwaysRefresh":false,"showFog":true,"showSkybox":false,"showFlares":true,"showImageEffects":true,"showParticleSystems":true,"showVisualEffectGraphs":true,"m_FxEnabled":true},"in2DMode":false,"pivot":{"x":28.782445907592775,"y":8.592684745788575,"z":-42.474857330322269},"rotation":{"x":-0.01667560636997223,"y":-0.41262197494506838,"z":0.007558075711131096,"w":-0.9107272028923035},"size":7.504578113555908,"orthographic":false}